"code","id","parent_id/id","type","user_type/id","name","reconcile"
"si","si_0",,"view","account.data_account_type_view","Kontni plan za GD","False"
"b","balance","si_0","view","account.data_account_type_view","Bilanca","False"
"0","fix_assets","balance","view","account.data_account_type_view","DOLGOROČNA SREDSTVA","False"
"00","c_00","fix_assets","view","account.data_account_type_view","Neopredmetena sredstva in dolgoročne aktivne časovne razmejitve","False"
"000000","k000","c_00","other","account.data_account_type_asset","Dobro ime","True"
"002000","k002","c_00","other","account.data_account_type_asset","Odloženi stroški razvijanja","True"
"003000","k003","c_00","other","account.data_account_type_asset","Premoženjske pravice","True"
"005000","k005","c_00","other","account.data_account_type_asset","Druga neopredmetena sredstva (tudi emisijski kuponi)","True"
"007000","k007","c_00","other","account.data_account_type_asset","Dolgoročne aktivne časovne razmejitve","True"
"008000","k008","c_00","other","account.data_account_type_asset","Popravek vrednosti neopredmetenih sredstev zaradi amortiziranja","True"
"009000","k009","c_00","other","account.data_account_type_asset","Oslabitev vrednosti neopredmetenih sredstev","True"
"01","c_01","fix_assets","view","account.data_account_type_view","Naložbene nepremičnine","False"
"010000","k010","c_01","other","account.data_account_type_asset","Naložbene nepremičnine, vrednotene po modelu nabavne vrednosti","True"
"011000","k011","c_01","other","account.data_account_type_asset","Naložbene nepremičnine, vrednotene po modelu poštene vrednosti","True"
"015000","k015","c_01","other","account.data_account_type_asset","Popravek vrednosti naložbenih nepremičnin zaradi amortiziranja","True"
"019000","k019","c_01","other","account.data_account_type_asset","Oslabitev vrednosti naložbenih nepremičnin","True"
"02","c_02","fix_assets","view","account.data_account_type_view","Nepremičnine","False"
"020000","k020","c_02","other","account.data_account_type_asset","Zemljišča, vrednotena po modelu nabavne vrednosti","True"
"021000","k021","c_02","other","account.data_account_type_asset","Zgradbe, vrednotene po modelu nabavne vrednosti","True"
"022000","k022","c_02","other","account.data_account_type_asset","Zemljišča, vrednotena po modelu prevrednotenja","True"
"023000","k023","c_02","other","account.data_account_type_asset","Zgradbe, vrednotene po modelu prevrednotenja","True"
"027000","k027","c_02","other","account.data_account_type_asset","Nepremičnine v gradnji oziroma izdelavi","True"
"03","c_03","fix_assets","view","account.data_account_type_view","Popravek in oslabitev vrednosti nepremičnin","False"
"031000","k031","c_03","other","account.data_account_type_asset","Oslabitev vrednosti zemljišč","True"
"032000","k032","c_03","other","account.data_account_type_asset","Popravek vrednosti zemljišč zaradi amortiziranja (kamnolomi, odlagališča odpadkov)","True"
"035000","k035","c_03","other","account.data_account_type_asset","Popravek vrednosti zgradb zaradi amortiziranja","True"
"039000","k039","c_03","other","account.data_account_type_asset","Oslabitev vrednosti zgradb","True"
"04","c_04","fix_assets","view","account.data_account_type_view","Oprema in druga opredmetena osnovna sredstva","False"
"040000","k040","c_04","other","account.data_account_type_asset","Oprema in nadomestni deli, vrednoteni po modelu nabavne vrednosti","True"
"041000","k041","c_04","other","account.data_account_type_asset","Drobni inventar","True"
"042000","k042","c_04","other","account.data_account_type_asset","Oprema in nadomestni deli, vrednoteni po modelu prevrednotenja","True"
"043000","k043","c_04","other","account.data_account_type_asset","Biološka sredstva – večletni nasadi","True"
"044000","k044","c_04","other","account.data_account_type_asset","Biološka sredstva – osnovna čreda","True"
"045000","k045","c_04","other","account.data_account_type_asset","Druga opredmetena osnovna sredstva","True"
"046000","k046","c_04","other","account.data_account_type_asset","Vlaganja v opredmetena osnovna sredstva v tuji lasti","True"
"047000","k047","c_04","other","account.data_account_type_asset","Oprema in druga opredmetena osnovna sredstva v gradnji oziroma izdelavi","True"
"048000","k048","c_04","other","account.data_account_type_asset","Umetniška dela in drugi predmeti kulturne in/ali zgodovinske vrednosti, ki se ne amortizirajo","True"
"05","c_05","fix_assets","view","account.data_account_type_view","Popravek in oslabitev vrednosti opreme in drugih opredmetenih osnovnih sredstev","False"
"050000","k050","c_05","other","account.data_account_type_asset","Popravek vrednosti opreme in nadomestnih delov zaradi amortiziranja","True"
"051000","k051","c_05","other","account.data_account_type_asset","Popravek vrednosti drobnega inventarja zaradi amortiziranja","True"
"052000","k052","c_05","other","account.data_account_type_asset","Oslabitev vrednosti opreme in nadomestnih delov","True"
"053000","k053","c_05","other","account.data_account_type_asset","Popravek vrednosti bioloških sredstev – večletnih nasadov zaradi amortiziranja","True"
"054000","k054","c_05","other","account.data_account_type_asset","Popravek vrednosti bioloških sredstev – osnovne črede zaradi amortiziranja","True"
"055000","k055","c_05","other","account.data_account_type_asset","Popravek vrednosti drugih opredmetenih osnovnih sredstev zaradi amortiziranja","True"
"056000","k056","c_05","other","account.data_account_type_asset","Popravek vrednosti vlaganj v opredmetena osnovna sredstva v tuji lasti","True"
"058000","k058","c_05","other","account.data_account_type_asset","Oslabitev vrednosti bioloških sredstev","True"
"059000","k059","c_05","other","account.data_account_type_asset","Oslabitev vrednosti drugih opredmetenih osnovnih sredstev","True"
"06","c_06","fix_assets","view","account.data_account_type_view","Dolgoročne finančne naložbe, razen posojil","False"
"060000","k060","c_06","other","account.data_account_type_asset","Dolgoročne finančne naložbe v delnice in deleže družb v skupini, razporejene in izmerjene po nabavni vrednosti","True"
"061000","k061","c_06","other","account.data_account_type_asset","Dolgoročne finančne naložbe v delnice in deleže družb v skupini, razporejene in izmerjene po pošteni vrednosti prek poslovnega izida","True"
"062000","k062","c_06","other","account.data_account_type_asset","Dolgoročne finančne naložbe v delnice in deleže družb v skupini, razporejene in izmerjene po pošteni vrednosti prek kapitala","True"
"063000","k063","c_06","other","account.data_account_type_asset","Dolgoročne finančne naložbe v delnice in deleže pridruženih družb in skupaj obvladovanih družb, razporejene in izmerjene po nabavni vrednosti","True"
"064000","k064","c_06","other","account.data_account_type_asset","Dolgoročne finančne naložbe v delnice in deleže pridruženih družb in skupaj obvladovanih družb, razporejene in izmerjene po pošteni vrednosti prek poslovnega izida","True"
"065000","k065","c_06","other","account.data_account_type_asset","Dolgoročne finančne naložbe v delnice in deleže pridruženih družb in skupaj obvladovanih družb, razporejene in izmerjene po pošteni vrednosti prek kapitala","True"
"066000","k066","c_06","other","account.data_account_type_asset","Druge dolgoročne finančne naložbe, razporejene in izmerjene po nabavni vrednosti","True"
"067000","k067","c_06","other","account.data_account_type_asset","Druge dolgoročne finančne naložbe, razporejene in izmerjene po pošteni vrednosti prek poslovnega izida","True"
"068000","k068","c_06","other","account.data_account_type_asset","Druge dolgoročne finančne naložbe, razporejene in izmerjene po pošteni vrednosti prek kapitala","True"
"069000","k069","c_06","other","account.data_account_type_asset","Oslabitev vrednosti dolgoročnih finančnih naložb","True"
"07","c_07","fix_assets","view","account.data_account_type_view","Dana dolgoročna posojila in terjatve za nevplačani vpoklicani kapital","False"
"070000","k070","c_07","other","account.data_account_type_asset","Dolgoročna posojila, dana na podlagi posojilnih pogodb družbam v skupini, vključno z dolgoročnimi terjatvami iz finančnega najema","True"
"071000","k071","c_07","other","account.data_account_type_asset","Dolgoročna posojila, dana na podlagi posojilnih pogodb pridruženim družbam in skupaj obvladovanim družbam, vključno z dolgoročnimi terjatvami iz finančnega najema","True"
"072000","k072","c_07","other","account.data_account_type_asset","Dolgoročna posojila, dana drugim, vključno z dolgoročnimi terjatvami iz finančnega najema","True"
"073000","k073","c_07","other","account.data_account_type_asset","Dolgoročna posojila, dana z odkupom obveznic od družb v skupini","True"
"074000","k074","c_07","other","account.data_account_type_asset","Dolgoročna posojila, dana z odkupom obveznic od pridruženih družb in skupaj obvladovanih družb","True"
"075000","k075","c_07","other","account.data_account_type_asset","Dolgoročna posojila, dana z odkupom obveznic od drugih","True"
"076000","k076","c_07","other","account.data_account_type_asset","Dolgoročne terjatve za nevplačani vpoklicani kapital","True"
"077000","k077","c_07","other","account.data_account_type_asset","Druga dolgoročno vložena sredstva","True"
"078000","k078","c_07","other","account.data_account_type_asset","Dani dolgoročni depoziti","True"
"079000","k079","c_07","other","account.data_account_type_asset","Oslabitev vrednosti danih dolgoročnih posojil","True"
"08","c_08","fix_assets","view","account.data_account_type_view","Dolgoročne poslovne terjatve","False"
"080000","k080","c_08","other","account.data_account_type_asset","Dolgoročni blagovni krediti, dani v državi","True"
"081000","k081","c_08","other","account.data_account_type_asset","Dolgoročni blagovni krediti, dani v tujini","True"
"082000","k082","c_08","other","account.data_account_type_asset","Dani dolgoročni potrošniški krediti","True"
"083000","k083","c_08","other","account.data_account_type_asset","Dani dolgoročni predujmi","True"
"084000","k084","c_08","other","account.data_account_type_asset","Dane dolgoročne varščine","True"
"086000","k086","c_08","other","account.data_account_type_asset","Druge dolgoročne poslovne terjatve","True"
"089000","k089","c_08","other","account.data_account_type_asset","Oslabitev vrednosti dolgoročnih poslovnih terjatev","True"
"09","c_09","fix_assets","view","account.data_account_type_view","Terjatve za odloženi davek","False"
"090000","k090","c_09","other","account.data_account_type_asset","Terjatve za odloženi davek iz odbitnih začasnih razlik","True"
"091000","k091","c_09","other","account.data_account_type_asset","Terjatve za odloženi davek iz neizrabljenih davčnih izgub, prenesenih v naslednja davčna obdobja","True"
"092000","k092","c_09","other","account.data_account_type_asset","Terjatve za odloženi davek iz davčnih dobropisov, prenesenih v naslednja davčna obdobja","True"
"095000","k095","c_09","other","account.data_account_type_asset","Terjatve do samostojnih podjetnikov posameznikov","True"
"098000","k098","c_09","other","account.data_account_type_asset","Terjatve do nosilcev kmečkih gospodinjstev","True"
"1","cur_assets","balance","view","account.data_account_type_view","KRATKOROČNA SREDSTVA","False"
"10","c_10","cur_assets","view","account.data_account_type_view","Denarna sredstva v blagajni in takoj udenarljivi vrednostni papirji","False"
"100000","k100","c_10","liquidity","account.data_account_type_cash","Denarna sredstva v blagajni, razen deviznih sredstev","True"
"101000","k101","c_10","liquidity","account.data_account_type_asset","Devizna sredstva v blagajni","True"
"102000","k102","c_10","liquidity","account.data_account_type_asset","Izdani čeki (odbitna postavka)","True"
"103000","k103","c_10","liquidity","account.data_account_type_asset","Prejeti čeki","True"
"104000","k104","c_10","liquidity","account.data_account_type_asset","Netvegani takoj udenarljivi dolžniški vrednostni papirji","True"
"109000","k109","c_10","liquidity","account.data_account_type_asset","Denar na poti","True"
"11","c_11","cur_assets","view","account.data_account_type_view","Dobroimetje pri bankah in drugih finančnih inštitucijah","False"
"110000","k110","c_11","liquidity","account.data_account_type_bank","Denarna sredstva na računih, razen deviznih","True"
"111000","k111","c_11","liquidity","account.data_account_type_asset","Kratkoročni depoziti oziroma depoziti na odpoklic, razen deviznih","True"
"112000","k112","c_11","liquidity","account.data_account_type_asset","Devizna sredstva na računih","True"
"113000","k113","c_11","liquidity","account.data_account_type_asset","Kratkoročni devizni depoziti oziroma devizni depoziti na odpoklic","True"
"114000","k114","c_11","liquidity","account.data_account_type_asset","Denarna sredstva na posebnih računih oziroma za posebne namene","True"
"12","c_12","cur_assets","view","account.data_account_type_view","Kratkoročne terjatve do kupcev","False"
"120000","k120","c_12","receivable","account.data_account_type_receivable","Kratkoročne terjatve do kupcev v državi","True"
"121000","k121","c_12","receivable","account.data_account_type_receivable","Kratkoročne terjatve do kupcev v tujini","True"
"122000","k122","c_12","other","account.data_account_type_asset","Kratkoročni blagovni krediti, dani kupcem v državi","True"
"123000","k123","c_12","other","account.data_account_type_asset","Kratkoročni blagovni krediti, dani kupcem v tujini","True"
"124000","k124","c_12","other","account.data_account_type_asset","Kratkoročni potrošniški krediti, dani kupcem v državi","True"
"129000","k129","c_12","other","account.data_account_type_asset","Oslabitev vrednosti kratkoročnih terjatev do kupcev","True"
"13","c_13","cur_assets","view","account.data_account_type_view","Dani kratkoročni predujmi in varščine","False"
"130000","k130","c_13","other","account.data_account_type_asset","Kratkoročni predujmi, dani za opredmetena osnovna sredstva","True"
"131000","k131","c_13","other","account.data_account_type_asset","Kratkoročni predujmi, dani za neopredmetena sredstva","True"
"132000","k132","c_13","other","account.data_account_type_asset","Kratkoročni predujmi, dani za zaloge materiala in blaga ter še ne opravljene storitve","True"
"133000","k133","c_13","receivable","account.data_account_type_receivable","Drugi dani kratkoročni predujmi in preplačila","True"
"134000","k134","c_13","other","account.data_account_type_asset","Dane kratkoročne varščine","True"
"139000","k139","c_13","other","account.data_account_type_asset","Oslabitev vrednosti danih kratkoročnih predujmov in varščin","True"
"14","c_14","cur_assets","view","account.data_account_type_view","Kratkoročne terjatve iz poslovanja za tuj račun","False"
"140000","k140","c_14","other","account.data_account_type_asset","Kratkoročne terjatve do izvoznikov","True"
"141000","k141","c_14","other","account.data_account_type_asset","Kratkoročne terjatve iz uvoza za tuj račun","True"
"142000","k142","c_14","other","account.data_account_type_asset","Kratkoročne terjatve iz komisijske in konsignacijske prodaje","True"
"145000","k145","c_14","other","account.data_account_type_asset","Druge kratkoročne terjatve iz poslovanja za tuj račun","True"
"149000","k149","c_14","other","account.data_account_type_asset","Oslabitev vrednosti kratkoročnih terjatev iz poslovanja za tuj račun","True"
"15","c_15","cur_assets","view","account.data_account_type_view","Kratkoročne terjatve, povezane s finančnimi prihodki","False"
"150000","k150","c_15","other","account.data_account_type_asset","Kratkoročne terjatve za obresti","True"
"151000","k151","c_15","other","account.data_account_type_asset","Kratkoročne terjatve za dividende","True"
"152000","k152","c_15","other","account.data_account_type_asset","Kratkoročne terjatve za druge deleže v dobičku","True"
"155000","k155","c_15","other","account.data_account_type_asset","Druge kratkoročne terjatve, povezane s finančnimi prihodki","True"
"159000","k159","c_15","other","account.data_account_type_asset","Oslabitev vrednosti kratkoročnih terjatev, povezanih s finančnimi prihodki","True"
"16","c_16","cur_assets","view","account.data_account_type_view","Druge kratkoročne terjatve","False"
"160000","k160","c_16","other","account.data_account_type_asset","Kratkoročne terjatve za odbitni DDV","True"
"161000","k161","c_16","other","account.data_account_type_asset","Kratkoročne terjatve za davek od dohodkov pravnih oseb, vključno z davkom, plačanim v tujini","True"
"162000","k162","c_16","other","account.data_account_type_asset","Kratkoročne terjatve za davek od dohodkov iz dejavnosti samostojnih podjetnikov posameznikov, vključno z davkom, plačanim v tujini","True"
"163000","k163","c_16","other","account.data_account_type_asset","Kratkoročne terjatve za davek od dohodkov iz dejavnosti kmečkih gospodinjstev, vključno z davkom, plačanim v tujini","True"
"164000","k164","c_16","other","account.data_account_type_asset","Druge kratkoročne terjatve do državnih in drugih inštitucij","True"
"165000","k165","c_16","other","account.data_account_type_asset","Ostale kratkoročne terjatve","True"
"166000","k166","c_16","other","account.data_account_type_asset","Kratkoročne terjatve za ddv, vrnjen tujcem","True"
"167000","k167","c_16","other","account.data_account_type_asset","Kratkoročne terjatve za ddv, plačan v tujini","True"
"169000","k169","c_16","other","account.data_account_type_asset","Oslabitev vrednosti drugih kratkoročnih terjatev","True"
"17","c_17","cur_assets","view","account.data_account_type_view","Kratkoročne finančne naložbe, razen posojil","False"
"170000","k170","c_17","other","account.data_account_type_asset","Kratkoročne finančne naložbe v delnice in deleže družb v skupini, razporejene in izmerjene po nabavni vrednosti","True"
"171000","k171","c_17","other","account.data_account_type_asset","Kratkoročne finančne naložbe v delnice in deleže družb v skupini, razporejene in izmerjene po pošteni vrednosti prek poslovnega izida","True"
"172000","k172","c_17","other","account.data_account_type_asset","Kratkoročne finančne naložbe v delnice in deleže družb v skupini, razporejene in izmerjene po pošteni vrednosti prek kapitala","True"
"173000","k173","c_17","other","account.data_account_type_asset","Kratkoročne finančne naložbe v delnice in deleže pridruženih družb in skupaj obvladovanih družb, razporejene in izmerjene po nabavni vrednosti","True"
"174000","k174","c_17","other","account.data_account_type_asset","Kratkoročne finančne naložbe v delnice in deleže pridruženih družb in skupaj obvladovanih družb, razporejene in izmerjene po pošteni vrednosti prek poslovnega izida","True"
"175000","k175","c_17","other","account.data_account_type_asset","Kratkoročne finančne naložbe v delnice in deleže pridruženih družb in skupaj obvladovanih družb, razporejene in izmerjene po pošteni vrednosti prek kapitala","True"
"176000","k176","c_17","other","account.data_account_type_asset","Druge kratkoročne finančne naložbe, razporejene in izmerjene po nabavni vrednosti","True"
"177000","k177","c_17","other","account.data_account_type_asset","Druge kratkoročne finančne naložbe, razporejene in izmerjene po pošteni vrednosti prek poslovnega izida","True"
"178000","k178","c_17","other","account.data_account_type_asset","Druge kratkoročne finančne naložbe, razporejene in izmerjene po pošteni vrednosti prek kapitala","True"
"179000","k179","c_17","other","account.data_account_type_asset","Oslabitev vrednosti kratkoročnih finančnih naložb","True"
"18","c_18","cur_assets","view","account.data_account_type_view","Kratkoročna posojila in kratkoročne terjatve za nevplačani kapital","False"
"180000","k180","c_18","other","account.data_account_type_asset","Kratkoročna posojila, dana na podlagi posojilnih pogodb družbam v skupini","True"
"181000","k181","c_18","other","account.data_account_type_asset","Kratkoročna posojila, dana na podlagi posojilnih pogodb pridruženim družbam in skupaj obvladovanim družbam","True"
"182000","k182","c_18","other","account.data_account_type_asset","Kratkoročna posojila, dana drugim","True"
"183000","k183","c_18","other","account.data_account_type_asset","Kratkoročni depoziti v bankah in drugih finančnih organizacijah","True"
"184000","k184","c_18","other","account.data_account_type_asset","Kratkoročno dana posojila z odkupom obveznic","True"
"185000","k185","c_18","other","account.data_account_type_asset","Prejete menice","True"
"186000","k186","c_18","other","account.data_account_type_asset","Kratkoročno dana posojila z odkupom drugih dolžniških vrednostnih papirjev","True"
"187000","k187","c_18","other","account.data_account_type_asset","Kratkoročno nevplačani vpoklicani kapital","True"
"189000","k189","c_18","other","account.data_account_type_asset","Oslabitev vrednosti kratkoročnih posojil","True"
"19","c_19","cur_assets","view","account.data_account_type_view","Kratkoročne aktivne časovne razmejitve","False"
"190000","k190","c_19","other","account.data_account_type_asset","Kratkoročno odloženi stroški oziroma odhodki","True"
"191000","k191","c_19","other","account.data_account_type_asset","Kratkoročno nezaračunani prihodki","True"
"192000","k192","c_19","other","account.data_account_type_asset","Vrednotnice","True"
"195000","k195","c_19","other","account.data_account_type_asset","Ddv od prejetih predujmov","True"
"2","liabilities","balance","view","account.data_account_type_view","KRATKOROČNE OBVEZNOSTI (dolgovi) in kratkoročne pasivne časovne razmejitve","False"
"21","c_21","liabilities","view","account.data_account_type_view","Obveznosti, vključene v skupine za odtujitev","False"
"210000","k210","c_21","other","account.data_account_type_liability","Obveznosti, vključene v skupine za odtujitev","True"
"22","c_22","liabilities","view","account.data_account_type_view","Kratkoročne obveznosti (dolgovi) do dobaviteljev","False"
"220000","k220","c_22","view","account.data_account_type_view","Kratkoročne obveznosti (dolgovi) do dobaviteljev v državi","False"
"221000","k221","c_22","view","account.data_account_type_view","Kratkoročne obveznosti (dolgovi) do dobaviteljev v tujini","False"
"222000","k222","c_22","other","account.data_account_type_liability","Kratkoročni blagovni krediti, prejeti v državi","True"
"223000","k223","c_22","other","account.data_account_type_liability","Kratkoročni blagovni krediti, prejeti v tujini","True"
"224000","k224","c_22","other","account.data_account_type_liability","Kratkoročne obveznosti (dolgovi) za nezaračunane blago in storitve","True"
"23","c_23","liabilities","view","account.data_account_type_view","Prejeti kratkoročni predujmi in varščine","False"
"230000","k230","c_23","other","account.data_account_type_payable","Prejeti kratkoročni predujmi","True"
"231000","k231","c_23","other","account.data_account_type_liability","Prejete kratkoročne varščine","True"
"24","c_24","liabilities","view","account.data_account_type_view","Kratkoročne obveznosti iz poslovanja za tuj račun","False"
"240000","k240","c_24","other","account.data_account_type_liability","Kratkoročne obveznosti iz izvoza za tuj račun","True"
"241000","k241","c_24","other","account.data_account_type_liability","Kratkoročne obveznosti do uvoznikov","True"
"242000","k242","c_24","other","account.data_account_type_liability","Kratkoročne obveznosti iz komisijske in konsignacijske prodaje","True"
"245000","k245","c_24","other","account.data_account_type_liability","Druge kratkoročne obveznosti iz poslovanja za tuj račun","True"
"25","c_25","liabilities","view","account.data_account_type_view","Kratkoročne obveznosti do zaposlencev","False"
"250000","k250","c_25","other","account.data_account_type_liability","Kratkoročne obveznosti za vračunane in neobračunane plače","True"
"251000","k251","c_25","other","account.data_account_type_liability","Kratkoročne obveznosti za čiste plače in nadomestila plač","True"
"252000","k252","c_25","other","account.data_account_type_liability","Kratkoročne obveznosti za prispevke za socialno varnost po vrstah prispevkov","True"
"253000","k253","c_25","other","account.data_account_type_liability","Kratkoročne obveznosti za prispevke iz bruto plač in nadomestil plač","True"
"254000","k254","c_25","other","account.data_account_type_liability","Kratkoročne obveznosti za davke iz bruto plač in nadomestil plač","True"
"255000","k255","c_25","other","account.data_account_type_liability","Kratkoročne obveznosti za druge prejemke iz delovnega razmerja","True"
"256000","k256","c_25","other","account.data_account_type_liability","Kratkoročne obveznosti za prispevke iz drugih prejemkov iz delovnega razmerja, ki se ne obračunavajo skupaj s plačami","True"
"257000","k257","c_25","other","account.data_account_type_liability","Kratkoročne obveznosti za davek iz drugih prejemkov iz delovnega razmerja, ki se ne obračunavajo skupaj s plačami","True"
"258000","k258","c_25","other","account.data_account_type_liability","Obveznosti za prispevke izplačevalca","True"
"26","c_26","liabilities","view","account.data_account_type_view","Obveznosti do državnih in drugih inštitucij","False"
"260000","k260","c_26","other","account.data_account_type_liability","Obveznosti za zaračunani ddv","True"
"261000","k261","c_26","other","account.data_account_type_liability","Obveznosti za ddv, carino in druge dajatve od uvoženega blaga","True"
"263000","k263","c_26","other","account.data_account_type_liability","Obveznosti za davek od dohodkov iz dejavnosti","True"
"264000","k264","c_26","other","account.data_account_type_liability","Obveznosti za davek od dohodkov pravnih oseb","True"
"265000","k265","c_26","other","account.data_account_type_liability","Obveznosti za davčni odtegljaj","True"
"266000","k266","c_26","other","account.data_account_type_liability","Druge kratkoročne obveznosti do državnih in drugih inštitucij","True"
"27","c_27","liabilities","view","account.data_account_type_view","Kratkoročne finančne obveznosti","False"
"270000","k270","c_27","other","account.data_account_type_liability","Kratkoročna posojila, dobljena pri družbah v skupini","True"
"271000","k271","c_27","other","account.data_account_type_liability","Kratkoročna posojila, dobljena pri pridruženih družbah in skupaj obvladovanih družbah","True"
"272000","k272","c_27","other","account.data_account_type_liability","Kratkoročna posojila, dobljena pri bankah in družbah v državi","True"
"273000","k273","c_27","other","account.data_account_type_liability","Kratkoročna posojila, dobljena pri bankah in družbah v tujini","True"
"274000","k274","c_27","other","account.data_account_type_liability","Kratkoročne finančne obveznosti v zvezi z obveznicami","True"
"275000","k275","c_27","other","account.data_account_type_liability","Kratkoročne obveznosti v zvezi z razdelitvijo poslovnega izida","True"
"276000","k276","c_27","other","account.data_account_type_liability","Kratkoročne finančne obveznosti do fizičnih oseb","True"
"278000","k278","c_27","other","account.data_account_type_liability","Obveznosti iz vplačila kapitala do vpisa v sodni register","True"
"279000","k279","c_27","other","account.data_account_type_liability","Druge kratkoročne finančne obveznosti","True"
"28","c_28","liabilities","view","account.data_account_type_view","Druge kratkoročne obveznosti","False"
"280000","k280","c_28","other","account.data_account_type_liability","Kratkoročne obveznosti za obresti","True"
"281000","k281","c_28","other","account.data_account_type_liability","Kratkoročne menične obveznosti","True"
"282000","k282","c_28","other","account.data_account_type_liability","Kratkoročne obveznosti v zvezi z odtegljaji od plač in nadomestil plač zaposlencem","True"
"283000","k283","c_28","other","account.data_account_type_liability","Kratkoročne obveznosti za prispevke za socialno varnost samostojnih podjetnikov posameznikov","True"
"284000","k284","c_28","other","account.data_account_type_liability","Kratkoročne obveznosti za prispevke za socialno varnost nosilcev kmečkih gospodinjstev","True"
"285000","k285","c_28","other","account.data_account_type_liability","Ostale kratkoročne poslovne obveznosti","True"
"29","c_29","liabilities","view","account.data_account_type_view","Kratkoročne pasivne časovne razmejitve","False"
"290000","k290","c_29","other","account.data_account_type_liability","Vnaprej vračunani stroški oziroma odhodki","True"
"291000","k291","c_29","other","account.data_account_type_liability","Kratkoročno odloženi prihodki","True"
"295000","k295","c_29","other","account.data_account_type_liability","Ddv od danih predujmov","True"
"3","stock","balance","view","account.data_account_type_view","ZALOGE SUROVIN IN MATERIALA","False"
"30","c_30","stock","view","account.data_account_type_view","Obračun nabave surovin in materiala (tudi drobnega inventarja in embalaže)","False"
"300000","k300","c_30","other","account.data_account_type_asset","Vrednost surovin in materiala po obračunih dobaviteljev","True"
"301000","k301","c_30","other","account.data_account_type_asset","Odvisni stroški nabave surovin in materiala","True"
"302000","k302","c_30","other","account.data_account_type_asset","Carina in druge uvozne davščine od surovin in materiala","True"
"303000","k303","c_30","other","account.data_account_type_asset","Ddv in druge davščine od surovin in materiala","True"
"309000","k309","c_30","other","account.data_account_type_asset","Obračun nabave surovin in materiala","True"
"31","c_31","stock","view","account.data_account_type_view","Zaloge surovin in materiala","False"
"310000","k310","c_31","other","account.data_account_type_asset","Zaloge surovin in materiala v skladišču","True"
"312000","k312","c_31","other","account.data_account_type_asset","Zaloge surovin in materiala na poti","True"
"316000","k316","c_31","other","account.data_account_type_asset","Zaloge surovin in materiala v dodelavi in predelavi","True"
"319000","k319","c_31","other","account.data_account_type_asset","Odmiki od cen zalog surovin in materiala","True"
"32","c_32","stock","view","account.data_account_type_view","Zaloge drobnega inventarja in embalaže","False"
"320000","k320","c_32","other","account.data_account_type_asset","Zaloge drobnega inventarja in embalaže v skladišču","True"
"321000","k321","c_32","other","account.data_account_type_asset","Zaloge drobnega inventarja in embalaže, dane v uporabo","True"
"329000","k329","c_32","other","account.data_account_type_asset","Odmiki od cen drobnega inventarja in embalaže","True"
"p","profit","si_0","view","account.data_account_type_view","IZKAZ USPEHA","False"
"4","costs","profit","view","account.data_account_type_view","STROŠKI","False"
"40","c_40","costs","view","account.data_account_type_view","Stroški materiala","False"
"400000","k400","c_40","other","account.data_account_type_expense","Stroški materiala","True"
"401000","k401","c_40","other","account.data_account_type_expense","Stroški pomožnega materiala","True"
"402000","k402","c_40","other","account.data_account_type_expense","Stroški energije","True"
"403000","k403","c_40","other","account.data_account_type_expense","Stroški nadomestnih delov za osnovna sredstva in materiala za vzdrževanje osnovnih sredstev","True"
"404000","k404","c_40","other","account.data_account_type_expense","Odpis drobnega inventarja in embalaže","True"
"405000","k405","c_40","other","account.data_account_type_expense","Uskladitev stroškov materiala in drobnega inventarja zaradi ugotovljenih popisnih razlik","True"
"406000","k406","c_40","other","account.data_account_type_expense","Stroški pisarniškega materiala in strokovne literature","True"
"407000","k407","c_40","other","account.data_account_type_expense","Drugi stroški materiala","True"
"41","c_41","costs","view","account.data_account_type_view","Stroški storitev","False"
"410000","k410","c_41","other","account.data_account_type_expense","Stroški storitev pri ustvarjanju proizvodov in opravljanju storitev","True"
"411000","k411","c_41","other","account.data_account_type_expense","Stroški transportnih storitev","True"
"412000","k412","c_41","other","account.data_account_type_expense","Stroški storitev v zvezi z vzdrževanjem","True"
"413000","k413","c_41","other","account.data_account_type_expense","Najemnine","True"
"414000","k414","c_41","other","account.data_account_type_expense","Povračila stroškov zaposlencem v zvezi z delom","True"
"415000","k415","c_41","other","account.data_account_type_expense","Stroški plačilnega prometa, stroški bančnih storitev, stroški poslov in zavarovalne premije","True"
"416000","k416","c_41","other","account.data_account_type_expense","Stroški intelektualnih in osebnih storitev","True"
"417000","k417","c_41","other","account.data_account_type_expense","Stroški sejmov, reklame in reprezentance","True"
"418000","k418","c_41","other","account.data_account_type_expense","Stroški storitev fizičnih oseb, ki ne opravljajo dejavnosti, skupaj z dajatvami, ki bremenijo podjetje (stroški po pogodbah o delu, avtorskih pogodbah, sejnine zaposlencem in drugim osebam …)","True"
"419000","k419","c_41","other","account.data_account_type_expense","Stroški drugih storitev","True"
"43","c_43","costs","view","account.data_account_type_view","Amortizacija","False"
"430000","k430","c_43","other","account.data_account_type_expense","Amortizacija neopredmetenih sredstev","True"
"431000","k431","c_43","other","account.data_account_type_expense","Amortizacija zgradb","True"
"432000","k432","c_43","other","account.data_account_type_expense","Amortizacija opreme in nadomestnih delov","True"
"433000","k433","c_43","other","account.data_account_type_expense","Amortizacija drobnega inventarja","True"
"434000","k434","c_43","other","account.data_account_type_expense","Amortizacija drugih opredmetenih osnovnih sredstev","True"
"435000","k435","c_43","other","account.data_account_type_expense","Amortizacija naložbenih nepremičnin","True"
"436000","k436","c_43","other","account.data_account_type_expense","Amortizacija bioloških sredstev","True"
"44","c_44","costs","view","account.data_account_type_view","Rezervacije","False"
"440000","k440","c_44","other","account.data_account_type_expense","Rezervacije za stroške reorganizacije podjetja","True"
"441000","k441","c_44","other","account.data_account_type_expense","Rezervacije za dana jamstva","True"
"442000","k442","c_44","other","account.data_account_type_expense","Rezervacije za kočljive pogodbe","True"
"449000","k449","c_44","other","account.data_account_type_expense","Rezervacije za pokrivanje drugih obveznosti iz preteklega poslovanja","True"
"45","c_45","costs","view","account.data_account_type_view","Stroški obresti","False"
"450000","k450","c_45","other","account.data_account_type_expense","Stroški obresti","True"
"47","c_47","costs","view","account.data_account_type_view","Stroški dela","False"
"470000","k470","c_47","other","account.data_account_type_expense","Plače zaposlencev","True"
"471000","k471","c_47","other","account.data_account_type_expense","Nadomestila plač zaposlencev","True"
"472000","k472","c_47","other","account.data_account_type_expense","Stroški dodatnega pokojninskega zavarovanja zaposlencev","True"
"473000","k473","c_47","other","account.data_account_type_expense","Regres za letni dopust, bonitete, povračila (za prevoz na delo in z njega, za prehrano, za ločeno življenje) in drugi prejemki zaposlencev","True"
"474000","k474","c_47","other","account.data_account_type_expense","Delodajalčevi prispevki od plač, nadomestil plač, bonitet, povračil in drugih prejemkov zaposlencev","True"
"475000","k475","c_47","other","account.data_account_type_expense","Druge delodajalčeve dajatve od plač, nadomestil plač, bonitet, povračil in drugih prejemkov zaposlencev","True"
"476000","k476","c_47","other","account.data_account_type_expense","Nagrade vajencem skupaj z dajatvami, ki bremenijo podjetje","True"
"479000","k479","c_47","other","account.data_account_type_expense","Rezervacije za pokojnine, jubilejne nagrade in odpravnine ob upokojitvi","True"
"48","c_48","costs","view","account.data_account_type_view","Drugi stroški","False"
"480000","k480","c_48","other","account.data_account_type_expense","Dajatve, ki niso odvisne od stroškov dela ali drugih vrst stroškov","True"
"481000","k481","c_48","other","account.data_account_type_expense","Izdatki za varstvo okolja","True"
"482000","k482","c_48","other","account.data_account_type_expense","Nagrade dijakom in študentom na delovni praksi skupaj z dajatvami","True"
"483000","k483","c_48","other","account.data_account_type_expense","Štipendije dijakom in študentom","True"
"484000","k484","c_48","other","account.data_account_type_expense","Prispevki za socialno varnost samostojnih podjetnikov posameznikov","True"
"485000","k485","c_48","other","account.data_account_type_expense","Prispevki za socialno varnost nosilcev in članov kmečkih gospodinjstev","True"
"486000","k486","c_48","other","account.data_account_type_expense","Povračila stroškov samostojnim podjetnikom posameznikom","True"
"487000","k487","c_48","other","account.data_account_type_expense","Povračila stroškov nosilcem kmečkih gospodinjstev","True"
"488000","k488","c_48","other","account.data_account_type_expense","Dotacije drugim društvom in pravnim osebam","True"
"489000","k489","c_48","other","account.data_account_type_expense","Ostali stroški","True"
"49","c_49","costs","view","account.data_account_type_view","Prenos stroškov","False"
"490000","k490","c_49","other","account.data_account_type_expense","Prenos stroškov v zaloge","True"
"491000","k491","c_49","other","account.data_account_type_expense","Prenos stroškov neposredno v odhodke","True"
"5","free5","si_0","view","account.data_account_type_view","PROSTO","False"
"6","unsold","balance","view","account.data_account_type_view","ZALOGE PROIZVODOV, STORITEV, BLAGA IN NEKRATKOROČNIH SREDSTEV (SKUPINE ZA ODTUJITEV) ZA PRODAJO","False"
"60","c_60","unsold","view","account.data_account_type_view","Nedokončane proizvodnja in storitve","False"
"600000","k600","c_60","other","account.data_account_type_asset","Nedokončana proizvodnja","True"
"601000","k601","c_60","other","account.data_account_type_asset","Nedokončane storitve","True"
"602000","k602","c_60","other","account.data_account_type_asset","Polizdelki","True"
"604000","k604","c_60","other","account.data_account_type_asset","Proizvodnja v dodelavi in predelavi","True"
"609000","k609","c_60","other","account.data_account_type_asset","Odmiki od cen nedokončanih proizvodnje in storitev","True"
"61","c_61","unsold","view","account.data_account_type_view","Zaloge pridelkov (pospravljenih) iz bioloških sredstev po pošteni vrednosti, zmanjšani za stroške prodaje","False"
"610000","k610","c_61","other","account.data_account_type_asset","Pospravljeno žito","True"
"611000","k611","c_61","other","account.data_account_type_asset","Pospravljene poljščine","True"
"612000","k612","c_61","other","account.data_account_type_asset","Pospravljena zelenjava","True"
"613000","k613","c_61","other","account.data_account_type_asset","Zaklane živali (meso in drugi deli)","True"
"614000","k614","c_61","other","account.data_account_type_asset","Namolženo mleko","True"
"615000","k615","c_61","other","account.data_account_type_asset","Pospravljeno sadje","True"
"616000","k616","c_61","other","account.data_account_type_asset","Pospravljene oljke","True"
"617000","k617","c_61","other","account.data_account_type_asset","Pospravljeni hlodi in drva","True"
"618000","k618","c_61","other","account.data_account_type_asset","Pospravljeno seno, travna silaža","True"
"619000","k619","c_61","other","account.data_account_type_asset","Drugi pospravljeni pridelki po pošteni vrednosti","True"
"62","c_62","unsold","view","account.data_account_type_view","Zaloge pridelkov (pospravljenih) iz biološkihnabavni vrednosti sredstev po nabavni vrednosti","False"
"620000","k620","c_62","other","account.data_account_type_asset","Pospravljeni pridelki po nabavni vrednosti","True"
"629000","k629","c_62","other","account.data_account_type_asset","Odmiki od cen pridelkov","True"
"63","c_63","unsold","view","account.data_account_type_view","Proizvodi","False"
"630000","k630","c_63","other","account.data_account_type_asset","Proizvodi v lastnem skladišču","True"
"631000","k631","c_63","other","account.data_account_type_asset","Proizvodi v tujem skladišču","True"
"632000","k632","c_63","other","account.data_account_type_asset","Proizvodi na poti","True"
"633000","k633","c_63","other","account.data_account_type_asset","Proizvodi v lastni prodajalni","True"
"634000","k634","c_63","other","account.data_account_type_asset","Vračunani ddv od proizvodov v prodajalni","True"
"635000","k635","c_63","other","account.data_account_type_asset","Proizvodi v dodelavi in predelavi","True"
"636000","k636","c_63","other","account.data_account_type_asset","Pitana živina (za zakol)","True"
"637000","k637","c_63","other","account.data_account_type_asset","Perutnina (za zakol)","True"
"638000","k638","c_63","other","account.data_account_type_asset","Druga biološka sredstva, ki so zaloge","True"
"639000","k639","c_63","other","account.data_account_type_asset","Odmiki od cen proizvodov","True"
"65","c_65","unsold","view","account.data_account_type_view","Obračun nabave blaga","False"
"650000","k650","c_65","other","account.data_account_type_asset","Vrednost blaga po obračunih dobaviteljev","True"
"651000","k651","c_65","other","account.data_account_type_asset","Odvisni stroški nabave blaga","True"
"652000","k652","c_65","other","account.data_account_type_asset","Carina in druge uvozne davščine od blaga","True"
"653000","k653","c_65","other","account.data_account_type_asset","DDV in druge davščine od blaga","True"
"659000","k659","c_65","other","account.data_account_type_asset","Obračun nabave blaga","True"
"66","c_66","unsold","view","account.data_account_type_view","Zaloge blaga","False"
"660000","k660","c_66","other","account.data_account_type_asset","Blago v lastnem skladišču","True"
"661000","k661","c_66","other","account.data_account_type_asset","Blago v tujem skladišču","True"
"662000","k662","c_66","other","account.data_account_type_asset","Blago na poti","True"
"663000","k663","c_66","other","account.data_account_type_asset","Blago v lastni prodajalni","True"
"664000","k664","c_66","other","account.data_account_type_asset","Ddv, vračunan v zalogah blaga","True"
"669000","k669","c_66","other","account.data_account_type_asset","Vračunana razlika v cenah zalog blaga","True"
"67","c_67","unsold","view","account.data_account_type_view","Nekratkoročna sredstva (skupine za odtujitev) za prodajo","False"
"670000","k670","c_67","other","account.data_account_type_asset","Opredmetena osnovna sredstva, namenjena prodaji","True"
"671000","k671","c_67","other","account.data_account_type_asset","Naložbene nepremičnine, vrednotene po modelu nabavne vrednosti, namenjene prodaji","True"
"672000","k672","c_67","other","account.data_account_type_asset","Druga nekratkoročna sredstva, namenjena prodaji","True"
"673000","k673","c_67","other","account.data_account_type_asset","Sredstva dela denar ustvarjajoče enote, namenjena prodaji","True"
"674000","k674","c_67","other","account.data_account_type_asset","Sredstva denar ustvarjajoče enote, namenjena prodaji","True"
"7","delta","profit","view","account.data_account_type_view","ODHODKI IN PRIHODKI","False"
"70","c_70","delta","view","account.data_account_type_view","Poslovni odhodki (i. Različica izkaza poslovnega izida)","False"
"700000","k700","c_70","other","account.data_account_type_expense","Vrednost prodanih poslovnih učinkov","True"
"701000","k701","c_70","other","account.data_account_type_expense","Vrednost usredstvenih lastnih proizvodov in storitev","True"
"702000","k702","c_70","other","account.data_account_type_expense","Nabavna vrednost prodanih materiala in blaga","True"
"703000","k703","c_70","other","account.data_account_type_expense","Drugi poslovni odhodki","True"
"704000","k704","c_70","other","account.data_account_type_expense","Odhodki iz vrednotenja bioloških sredstev in pospravitve kmetijskih pridelkov","True"
"71","c_71","delta","view","account.data_account_type_view","Poslovni odhodki (ii. Različica izkaza poslovnega izida)","False"
"710000","k710","c_71","other","account.data_account_type_expense","Vrednost prodanih poslovnih učinkov","True"
"711000","k711","c_71","other","account.data_account_type_expense","Nabavna vrednost prodanih materiala in blaga","True"
"712000","k712","c_71","other","account.data_account_type_expense","Stroški prodajanja","True"
"713000","k713","c_71","other","account.data_account_type_expense","Stroški splošnih dejavnosti (nabave in uprave)","True"
"714000","k714","c_71","other","account.data_account_type_expense","Drugi stroški, ki se ne zadržujejo v zalogah","True"
"72","c_72","delta","view","account.data_account_type_view","Prevrednotovalni poslovni odhodki","False"
"720000","k720","c_72","other","account.data_account_type_expense","Prevrednotovalni poslovni odhodki v zvezi z neopredmetenimi sredstvi, opredmetenimi osnovnimi sredstvi in naložbenimi nepremičninami","True"
"721000","k721","c_72","other","account.data_account_type_expense","Prevrednotovalni poslovni odhodki v zvezi z zalogami","True"
"722000","k722","c_72","other","account.data_account_type_expense","Prevrednotovalni poslovni odhodki kot posledica prevrednotenja zaradi oslabitve v zvezi s poslovnimi terjatvami","True"
"723000","k723","c_72","other","account.data_account_type_expense","Prevrednotovalni poslovni odhodki kot posledica odpisov v zvezi s poslovnimi terjatvami","True"
"724000","k724","c_72","other","account.data_account_type_expense","Drugi prevrednotovalni poslovni odhodki v zvezi s kratkoročnimi sredstvi, razen s finančnimi naložbami","True"
"725000","k725","c_72","other","account.data_account_type_expense","Prevrednotovalni poslovni odhodki v zvezi s stroški dela","True"
"74","c_74","delta","view","account.data_account_type_view","Finančni odhodki iz finančnih naložb","False"
"740000","k740","c_74","other","account.data_account_type_expense","Odhodki iz posojil, prejetih od družb v skupini","True"
"741000","k741","c_74","other","account.data_account_type_expense","Odhodki iz posojil, prejetih od bank","True"
"742000","k742","c_74","other","account.data_account_type_expense","Odhodki iz izdanih obveznic","True"
"743000","k743","c_74","other","account.data_account_type_expense","Odhodki iz drugih finančnih obveznosti","True"
"744000","k744","c_74","other","account.data_account_type_expense","Odhodki iz poslovnih obveznosti do družb v skupini","True"
"745000","k745","c_74","other","account.data_account_type_expense","Odhodki iz obveznosti do dobaviteljev in meničnih obveznosti","True"
"746000","k746","c_74","other","account.data_account_type_expense","Odhodki iz drugih poslovnih obveznosti","True"
"747000","k747","c_74","other","account.data_account_type_expense","Odhodki iz sredstev, razporejenih po pošteni vrednosti prek poslovnega izida","True"
"748000","k748","c_74","other","account.data_account_type_expense","Odhodki iz oslabitve finančnih naložb","True"
"749000","k749","c_74","other","account.data_account_type_expense","Odhodki iz odprave pripoznanja finančnih naložb","True"
"75","c_75","delta","view","account.data_account_type_view","Drugi finančni odhodki in ostali odhodki","False"
"750000","k750","c_75","other","account.data_account_type_expense","Odhodki iz vrednotenja naložbenih nepremičnin po modelu poštene vrednosti","True"
"751000","k751","c_75","other","account.data_account_type_expense","Odhodki iz odtujitve naložbenih nepremičnin, izmerjenih po pošteni vrednosti","True"
"752000","k752","c_75","other","account.data_account_type_expense","Denarne kazni, ki niso povezane s poslovnimi učinki","True"
"753000","k753","c_75","other","account.data_account_type_expense","Odškodnine, ki niso povezane s poslovnimi učinki","True"
"754000","k754","c_75","other","account.data_account_type_expense","Donacije","True"
"755000","k755","c_75","other","account.data_account_type_expense","Subvencije, dotacije in podobni odhodki, ki niso povezani s poslovnimi učinki","True"
"758000","k758","c_75","other","account.data_account_type_expense","Negativne evrske izravnave","True"
"759000","k759","c_75","other","account.data_account_type_expense","Ostali odhodki, ki niso povezane s poslovnimi učinki","True"
"76","c_76","delta","view","account.data_account_type_view","Poslovni prihodki","False"
"760000","k760","c_76","other","account.data_account_type_income","Prihodki od prodaje proizvodov in storitev na domačem trgu","True"
"761000","k761","c_76","other","account.data_account_type_income","Prihodki od prodaje proizvodov in storitev na tujem trgu","True"
"762000","k762","c_76","other","account.data_account_type_income","Prihodki od prodaje trgovskega blaga in materiala na domačem trgu","True"
"763000","k763","c_76","other","account.data_account_type_income","Prihodki od prodaje trgovskega blaga in materiala na tujem trgu","True"
"764000","k764","c_76","other","account.data_account_type_income","Prihodki iz vrednotenja bioloških sredstev in pospravitve kmetijskih pridelkov","True"
"765000","k765","c_76","other","account.data_account_type_income","Prihodki od najemnin","True"
"766000","k766","c_76","other","account.data_account_type_income","Prihodki od odprave rezervacij","True"
"767000","k767","c_76","other","account.data_account_type_income","Prihodki od poslovnih združitev (presežek iz prevrednotenja - slabo ime)","True"
"768000","k768","c_76","other","account.data_account_type_income","Drugi prihodki, povezani s poslovnimi učinki (subvencije, dotacije, regresi, kompenzacije, premije ...)","True"
"769000","k769","c_76","other","account.data_account_type_income","Prevrednotovalni poslovni prihodki","True"
"77","c_77","delta","view","account.data_account_type_view","Finančni prihodki iz finančnih naložb","False"
"770000","k770","c_77","other","account.data_account_type_income","Finančni prihodki iz deležev v družbah v skupini","True"
"771000","k771","c_77","other","account.data_account_type_income","Finančni prihodki iz deležev v pridruženih družbah in skupaj obvladovanih družbah","True"
"772000","k772","c_77","other","account.data_account_type_income","Finančni prihodki iz deležev v drugih družbah","True"
"773000","k773","c_77","other","account.data_account_type_income","Finančni prihodki iz drugih naložb","True"
"774000","k774","c_77","other","account.data_account_type_income","Finančni prihodki iz posojil, danih družbam v skupini","True"
"775000","k775","c_77","other","account.data_account_type_income","Finančni prihodki iz posojil, danih drugim (tudi od depozitov)","True"
"776000","k776","c_77","other","account.data_account_type_income","Finančni prihodki iz poslovnih terjatev do družb v skupini","True"
"777000","k777","c_77","other","account.data_account_type_income","Finančni prihodki iz poslovnih terjatev do drugih","True"
"778000","k778","c_77","other","account.data_account_type_income","Finančni prihodki iz finančnih sredstev, razporejenih po pošteni vrednosti prek poslovnega izida","True"
"78","c_78","delta","view","account.data_account_type_view","Drugi finančni prihodki in ostali prihodki","False"
"780000","k780","c_78","other","account.data_account_type_income","Prihodki iz vrednotenja naložbenih nepremičnin po pošteni vrednosti","True"
"781000","k781","c_78","other","account.data_account_type_income","Prihodki iz odtujitve naložbenih nepremičnin, izmerjenih po pošteni vrednosti","True"
"785000","k785","c_78","other","account.data_account_type_income","Subvencije, dotacije in podobni prihodki, ki niso povezani s poslovnimi učinki","True"
"786000","k786","c_78","other","account.data_account_type_income","Prejete odškodnine","True"
"787000","k787","c_78","other","account.data_account_type_income","Prejete kazni","True"
"789000","k789","c_78","other","account.data_account_type_income","Ostali prihodki","True"
"79","c_79","delta","view","account.data_account_type_view","Usredstveni lastni proizvodi in lastne storitve","False"
"8","result","profit","view","account.data_account_type_view","POSLOVNI IZID","False"
"80","c_80","result","view","account.data_account_type_view","Dobiček ali izguba pred obdavčitvijo","False"
"800000","k800","c_80","other","account.data_account_type_liability","Dobiček ali izguba pred obdavčitvijo","True"
"81","c_81","result","view","account.data_account_type_view","Razporeditev dobička","False"
"810000","k810","c_81","other","account.data_account_type_liability","Davek od dohodka","True"
"812000","k812","c_81","other","account.data_account_type_liability","Drugi davki, ki niso izkazani v drugih postavkah","True"
"813000","k813","c_81","other","account.data_account_type_liability","Prihodki (odhodki) iz naslova odloženega davka","True"
"815000","k815","c_81","other","account.data_account_type_liability","Čisti dobiček poslovnega leta","True"
"82","c_82","result","view","account.data_account_type_view","Razporeditev čistega dobička poslovnega leta","False"
"820000","k820","c_82","other","account.data_account_type_liability","Čisti dobiček za kritje prenesenih izgub","True"
"821000","k821","c_82","other","account.data_account_type_liability","Čisti dobiček za oblikovanje zakonskih rezerv","True"
"822000","k822","c_82","other","account.data_account_type_liability","Čisti dobiček za oblikovanje rezerv za lastne delnice oziroma deleže","True"
"823000","k823","c_82","other","account.data_account_type_liability","Čisti dobiček za oblikovanje statutarnih rezerv","True"
"824000","k824","c_82","other","account.data_account_type_liability","Čisti dobiček za druge rezerve iz dobička","True"
"829000","k829","c_82","other","account.data_account_type_liability","Prenos neuporabljenega dela čistega dobička poslovnega leta","True"
"89","c_89","result","view","account.data_account_type_view","Izguba in prenos izgube","False"
"890000","k890","c_89","other","account.data_account_type_liability","Izguba tekočega leta","True"
"899000","k899","c_89","other","account.data_account_type_liability","Prenos izgube tekočega leta","True"
"9","capital","balance","view","account.data_account_type_view","Kapital, dolgoročne obveznosti (dolgovi) in dolgoročne rezervacije","False"
"90","c_90","capital","view","account.data_account_type_view","Vpoklicani kapital","False"
"900000","k900","c_90","other","account.data_account_type_liability","Osnovni delniški kapital - navadne delnice","True"
"901000","k901","c_90","other","account.data_account_type_liability","Osnovni delniški kapital - prednostne delnice","True"
"902000","k902","c_90","other","account.data_account_type_liability","Osnovni kapital - kapitalski deleži","True"
"903000","k903","c_90","other","account.data_account_type_liability","Osnovni kapital - kapitalska vloga","True"
"909000","k909","c_90","other","account.data_account_type_liability","Nevpoklicani kapital (odbitna postavka)","True"
"91","c_91","capital","view","account.data_account_type_view","Kapitalske rezerve","False"
"910000","k910","c_91","other","account.data_account_type_liability","Vplačila nad najmanjšimi emisijskimi zneski delnic oziroma deležev (vplačani presežek kapitala)","True"
"911000","k911","c_91","other","account.data_account_type_liability","Vplačila nad knjigovodsko vrednostjo pri odtujitvi začasno odkupljenih lastnih delnic oziroma deležev","True"
"912000","k912","c_91","other","account.data_account_type_liability","Vplačila nad najmanjšim emisijskim zneskom kapitala, pridobljena z izdajo zamenljivih obveznic in obveznic z delniško nakupno opcijo","True"
"913000","k913","c_91","other","account.data_account_type_liability","Vplačila za pridobitev dodatnih pravic iz delnic oziroma deležev","True"
"914000","k914","c_91","other","account.data_account_type_liability","Druga vplačila kapitala na podlagi statuta","True"
"915000","k915","c_91","other","account.data_account_type_liability","Zneski iz poenostavljenega zmanjšanja osnovnega kapitala in zneski zmanjšanja osnovnega kapitala z umikom delnic oziroma deležev","True"
"916000","k916","c_91","other","account.data_account_type_liability","Splošni prevrednotovalni popravek kapitala","True"
"917000","k917","c_91","other","account.data_account_type_liability","Zneski iz učinkov potrjene prisilne poravnave","True"
"92","c_92","capital","view","account.data_account_type_view","Rezerve iz dobička","False"
"920000","k920","c_92","other","account.data_account_type_liability","Zakonske rezerve","True"
"921000","k921","c_92","other","account.data_account_type_liability","Rezerve za lastne delnice oziroma lastne poslovne deleže","True"
"922000","k922","c_92","other","account.data_account_type_liability","Statutarne rezerve","True"
"923000","k923","c_92","other","account.data_account_type_liability","Druge rezerve iz dobička","True"
"929000","k929","c_92","other","account.data_account_type_liability","Pridobljene lastne delnice oziroma lastni poslovni deleži (odbitna postavka)","True"
"93","c_93","capital","view","account.data_account_type_view","Čisti dobiček ali čista izguba","False"
"930000","k930","c_93","other","account.data_account_type_liability","Preneseni čisti dobiček iz prejšnjih let","True"
"931000","k931","c_93","other","account.data_account_type_liability","Prenesena čista izguba iz prejšnjih let","True"
"932000","k932","c_93","other","account.data_account_type_liability","Neuporabljeni del čistega dobička poslovnega leta","True"
"933000","k933","c_93","other","account.data_account_type_liability","Čista izguba poslovnega leta","True"
"934000","k934","c_93","other","account.data_account_type_liability","Prenos iz presežka iz prevrednotenja","True"
"95","c_95","capital","view","account.data_account_type_view","Presežek iz prevrednotenja","False"
"950000","k950","c_95","other","account.data_account_type_liability","Presežek iz prevrednotenja zemljišč","True"
"951000","k951","c_95","other","account.data_account_type_liability","Presežek iz prevrednotenja zgradb","True"
"952000","k952","c_95","other","account.data_account_type_liability","Presežek iz prevrednotenja opreme","True"
"953000","k953","c_95","other","account.data_account_type_liability","Presežek iz prevrednotenja neopredmetenih sredstev","True"
"954000","k954","c_95","other","account.data_account_type_liability","Presežek iz prevrednotenja dolgoročnih finančnih naložb","True"
"955000","k955","c_95","other","account.data_account_type_liability","Presežek iz prevrednotenja kratkoročnih finančnih naložb","True"
"959000","k959","c_95","other","account.data_account_type_liability","Popravek vrednosti presežkov iz prevrednotenja za odloženi davek","True"
"96","c_96","capital","view","account.data_account_type_view","Rezervacije in dolgoročne pasivne časovne razmejitve","False"
"960000","k960","c_96","other","account.data_account_type_liability","Rezervacije za stroške reorganizacije podjetja","True"
"961000","k961","c_96","other","account.data_account_type_liability","Rezervacije za pokrivanje prihodnjih stroškov oziroma odhodkov zaradi razgradnje in ponovne vzpostavitve prvotnega stanja ter druge podobne rezervacije","True"
"962000","k962","c_96","other","account.data_account_type_liability","Rezervacije za kočljive pogodbe","True"
"963000","k963","c_96","other","account.data_account_type_liability","Rezervacije za pokojnine, jubilejne nagrade in odpravnine ob upokojitvi","True"
"964000","k964","c_96","other","account.data_account_type_liability","Rezervacije za dana jamstva","True"
"965000","k965","c_96","other","account.data_account_type_liability","Druge rezervacije iz naslova dolgoročno vnaprej vračunanih stroškov","True"
"966000","k966","c_96","other","account.data_account_type_liability","Prejete državne podpore","True"
"967000","k967","c_96","other","account.data_account_type_liability","Prejete donacije","True"
"968000","k968","c_96","other","account.data_account_type_liability","Druge dolgoročne pasivne časovne razmejitve","True"
"97","c_97","capital","view","account.data_account_type_view","Dolgoročne finančne obveznosti","False"
"970000","k970","c_97","other","account.data_account_type_liability","Dolgoročna posojila, dobljena pri družbah v skupini","True"
"971000","k971","c_97","other","account.data_account_type_liability","Dolgoročna posojila, dobljena pri pridruženih družbah","True"
"972000","k972","c_97","other","account.data_account_type_liability","Dolgoročna posojila, dobljena pri bankah in družbah v državi","True"
"973000","k973","c_97","other","account.data_account_type_liability","Dolgoročna posojila, dobljena pri bankah in družbah v tujini","True"
"974000","k974","c_97","other","account.data_account_type_liability","Dolgoročne finančne obveznosti v zvezi z obveznicami","True"
"975000","k975","c_97","other","account.data_account_type_liability","Dolgoročni dolgovi iz finančnega najema","True"
"976000","k976","c_97","other","account.data_account_type_liability","Dolgoročne finančne obveznosti do fizičnih oseb","True"
"979000","k979","c_97","other","account.data_account_type_liability","Druge dolgoročne finančne obveznosti","True"
"98","c_98","capital","view","account.data_account_type_view","Dolgoročne poslovne obveznosti","False"
"980000","k980","c_98","other","account.data_account_type_liability","Dolgoročni krediti, dobljeni na podlagi kreditnih pogodb od družb v skupini","True"
"981000","k981","c_98","other","account.data_account_type_liability","Dolgoročni krediti, dobljeni na podlagi kreditnih pogodb od pridruženih družb in skupaj obvladovanih družb","True"
"982000","k982","c_98","other","account.data_account_type_liability","Dolgoročni krediti, dobljeni od drugih domačih dobaviteljev","True"
"983000","k983","c_98","other","account.data_account_type_liability","Dolgoročni krediti, dobljeni od drugih tujih dobaviteljev","True"
"985000","k985","c_98","other","account.data_account_type_liability","Dolgoročne menične obveznosti","True"
"986000","k986","c_98","other","account.data_account_type_liability","Dolgoročni dobljeni predujmi in varščine","True"
"988000","k988","c_98","other","account.data_account_type_liability","Obveznosti za odloženi davek","True"
"989000","k989","c_98","other","account.data_account_type_liability","Druge dolgoročne poslovne obveznosti","True"
"99","c_99","capital","view","account.data_account_type_view","Zunajbilančni konti","False"
"990000","k990","c_99","other","account.data_account_type_liability","Najeta, izposojena in zakupljena (tuja) sredstva","True"
"991000","k991","c_99","other","account.data_account_type_liability","Menice in drugi vrednostni papirji, prejeti za zavarovanje plačil","True"
"992000","k992","c_99","other","account.data_account_type_liability","Blago, prejeto v komisijsko in konsignacijsko prodajo","True"
"993000","k993","c_99","other","account.data_account_type_liability","Vrednotnice, izdane za obračunavanje znotraj pravne osebe","True"
"994000","k994","c_99","other","account.data_account_type_liability","Drugi aktivni zunajbilančni konti","True"
"995000","k995","c_99","other","account.data_account_type_liability","Lastniki najetih, izposojenih in zakupljenih sredstev","True"
"996000","k996","c_99","other","account.data_account_type_liability","Dolžniki, ki so zavarovali plačila z menicami in drugimi vrednostnimi papirji","True"
"997000","k997","c_99","other","account.data_account_type_liability","Obveznosti iz blaga, prejetega v komisijsko in konsignacijsko prodajo","True"
"998000","k998","c_99","other","account.data_account_type_liability","Nominalna vrednost vrednotnic, izdanih za obračunavanje znotraj pravne osebe","True"
"999000","k999","c_99","other","account.data_account_type_liability","Drugi pasivni zunajbilančni konti","True"
